username,email,role
Rebeka,rmacadam0@photobucket.com,subscriber
Rayna,rdragon1@geocities.jp,author
Reine,rshimmin2@example.com,author
Lorenza,lhalleybone3@ibm.com,author
Pammie,ppippard4@businessweek.com,author
Adham,amcmakin5@hatena.ne.jp,subscriber
Cirillo,crimell6@google.com.br,editor
Essie,egalland7@ucla.edu,subscriber
Charmane,csliman8@bloglines.com,subscriber
Sidonia,smaxsted9@chron.com,subscriber
Artemus,apilsburya@de.vu,author
Ivar,iovershottb@symantec.com,editor
Franklyn,fclackersc@is.gd,author
Tilly,tmacklind@twitter.com,author
Anissa,aeichmanne@huffingtonpost.com,subscriber
Marinna,mdysertf@1688.com,subscriber
Tressa,tumang@cbslocal.com,subscriber
Allard,abrushneenh@wikimedia.org,author
Kyle,kjelleyi@csmonitor.com,author
Gretchen,gtoynej@adobe.com,author
Winna,wharkinsk@elpais.com,subscriber
Nelia,nsorleyl@github.io,subscriber
Collin,cmckimmm@myspace.com,author
Dirk,dkeedwelln@harvard.edu,editor
Dara,dbritteno@lulu.com,subscriber
Moise,mwhiterodp@xrea.com,editor
Charley,ctoffoloq@elegantthemes.com,editor
Hunt,hcokayner@alibaba.com,editor
Faulkner,fbortols@google.cn,editor
Maridel,mmoylanet@constantcontact.com,editor
Quinton,qchatten0@simplemachines.org,editor
Janek,jpardey1@istockphoto.com,editor
Kalie,kmccorkell2@addtoany.com,editor